{"cameraMode":{"drawMode":0,"name":"Shaded","section":"Shading Mode"},"sceneLighting":true,"audioPlay":false,"sceneViewState":{"m_AlwaysRefresh":false,"showFog":true,"showSkybox":true,"showFlares":true,"showImageEffects":true,"showParticleSystems":true,"showVisualEffectGraphs":true,"m_FxEnabled":true},"in2DMode":false,"pivot":{"x":0.9123325347900391,"y":3.494457244873047,"z":-38.30051040649414},"rotation":{"x":-0.05120288208127022,"y":-0.8748530149459839,"z":0.09485334903001785,"w":-0.47225967049598696},"size":3.5070688724517824,"orthographic":false}