{"cameraMode":{"drawMode":0,"name":"Shaded","section":"Shading Mode"},"sceneLighting":true,"audioPlay":false,"sceneViewState":{"showFog":true,"showMaterialUpdate":false,"showSkybox":true,"showFlares":true,"showImageEffects":true,"showParticleSystems":true},"in2DMode":false,"pivot":{"x":0.7829078435897827,"y":3.069999933242798,"z":1.1705900430679322},"rotation":{"x":-0.3953118622303009,"y":-0.3869023025035858,"z":0.18847805261611939,"w":-0.811487078666687},"size":15.938458442687989,"orthographic":false}