{"cameraMode":{"drawMode":0,"name":"Shaded","section":"Shading Mode"},"sceneLighting":false,"audioPlay":false,"sceneViewState":{"showFog":true,"showMaterialUpdate":false,"showSkybox":false,"showFlares":true,"showImageEffects":true,"showParticleSystems":true},"in2DMode":false,"pivot":{"x":0.7829078435897827,"y":3.069999933242798,"z":1.1705900430679322},"rotation":{"x":-0.06518732756376267,"y":-0.7317528128623962,"z":0.07069451361894608,"w":-0.6747522950172424},"size":22.0,"orthographic":false}