{"cameraMode":{"drawMode":0,"name":"Shaded","section":"Shading Mode"},"sceneLighting":false,"audioPlay":false,"sceneViewState":{"showFog":true,"showMaterialUpdate":false,"showSkybox":true,"showFlares":true,"showImageEffects":true,"showParticleSystems":true},"in2DMode":false,"pivot":{"x":484.731689453125,"y":-2.9071993827819826,"z":374.3863220214844},"rotation":{"x":-0.021987635642290117,"y":-0.722256600856781,"z":0.022985439747571946,"w":-0.6908933520317078},"size":61.95459747314453,"orthographic":false}